,University,Type,City,Website,Address,Credential Type,Email,Fax,Joint Credential Type,Joint Program Level,Program Level,Telephone,Toll Free
0,Rosewood College,Health Care Aide certificate,"Calgary, Alberta",http://www.rosewoodcollege.ca/program-information/,"Rosewood College3710 West Winds Drive NECalgary, Alberta T3J 5H3Canada",Certificate,mail@rosewoodcollege.ca,,Not entered,Not entered,Apprenticeship Program,(403) 798-7447,
1,Solomon College Ltd,High school program,"Edmonton, Alberta",http://solomoncollege.ca/programs/academic-division/,"Solomon College Ltd10621, 100 Avenue, Suite 228,Edmonton, Alberta T5J 0B3Canada",Diploma,info@solomoncollege.ca,(780) 431-1644,Unknown,University Graduate unknown level,"Non-postsecondary upgrading program (basic literacy, second language training, skills upgrading,)",(780) 431-1515,
2,Grande Prairie Regional College,Aboriginal Administration,"Grande, Alberta",https://www.gprc.ab.ca/programs/aboriginal-administration.html,"Grande Prairie Regional College - Grande Prairie Campus10726-106 AvenueGrande Prairie, Alberta T8V 4C4Canada",Diploma,,(1-780) 539-2832 ,Unknown,University Graduate unknown level,College or CEGEP postsecondary program,(780) 539-2911,1-888-539-4772
3,Portage College,Aboriginal Arts Certificate,"Lac, Alberta",http://www.portagecollege.ca/Programs/Native-Arts-and-Culture/Aboriginal-Art-Certificate,"Portage College - Lac La Biche Campus9531-94 AvenueLac La Biche, Alberta T0A 2C0Canada",Certificate,,,Not entered,Not entered,College or CEGEP postsecondary program,,1-866-623-5551
4,Keyano College,Aboriginal Education,"Fort, Alberta",http://www.keyano.ca/ContinuingEducation/AboriginalEducation,"Clearwater Campus8115 Franklin AvenueFort McMurray, Alberta T9H 2H7Canada",Certificate,registrar@keyano.ca,,Not entered,Not entered,College or CEGEP postsecondary program,(780) 791-4800,1-800-251-1408
5,Keyano College,Aboriginal Entrepreneurship,"Fort, Alberta",http://www.keyano.ca/Academics/Programs/AboriginalEntrepreneurship,"Clearwater Campus8115 Franklin AvenueFort McMurray, Alberta T9H 2H7Canada",Certificate,registrar@keyano.ca,,Not entered,Not entered,College or CEGEP postsecondary program,(780) 791-4800,1-800-251-1408
6,Pixel Blue College ,Aboriginal Graphic Design,"Edmonton, Alberta",http://www.pixelblue.ca/aboriginal-graphic-design.html,"Pixel Blue College Suite 200, 10080 Jasper AvenueEdmonton, Alberta T5J 1V9Canada",Diploma,info@pixelbluecollege.com ,(780) 756-3992,Not entered,Not entered,College or CEGEP postsecondary program,(780) 756-3990,1-866-423-0300
7,Blue Quills First Nations College,Aboriginal Teacher (ATEP) (BEd),"St., Alberta",http://www.bluequills.ca/aboriginal-teacher/,"Blue Quills First Nations CollegeBlue Quills First Nation Indian Reserve - P.O. Box 279 St. Paul, Alberta T0A 3A0Canada",Degree,,(780) 645-4730,Unknown,Not entered,"Bachelor degree (B.A., B.Sc)",(780) 645-4455,1-888-645-4455
8,Bow Valley College,Aboriginal Upgrading Program - Full-Time and Part-Time,"Calgary, Alberta",http://www.bowvalleycollege.ca/programs-and-courses/academic-upgrading/high-school---aboriginal-program.html,"North and South Campus345-6 Avenue SECalgary, Alberta T2G 4V1Canada",Other type of credential,info@bowvalleycollege.ca,,Not entered,Not entered,"Non-postsecondary upgrading program (basic literacy, second language training, skills upgrading,)",(403) 410-1400,1-866-428-2669
9,Portage College,Academic Foundations,"Lac, Alberta",http://www.portagecollege.ca/Programs/Academic-Upgrading/Academic-Foundations,"Portage College - Lac La Biche Campus9531-94 AvenueLac La Biche, Alberta T0A 2C0Canada",Certificate,,,Not entered,Not entered,"Non-postsecondary upgrading program (basic literacy, second language training, skills upgrading,)",,1-866-623-5551
10,Grande Prairie Regional College,Academic Upgrading,"Grande, Alberta",https://www.gprc.ab.ca/programs/academic-upgrading.html,"Grande Prairie Regional College - Grande Prairie Campus10726-106 AvenueGrande Prairie, Alberta T8V 4C4Canada",Certificate,,(1-780) 539-2832 ,Not entered,Not entered,"Non-postsecondary upgrading program (basic literacy, second language training, skills upgrading,)",(780) 539-2911,1-888-539-4772
11,Lakeland College,Academic Upgrading,"Vermilion, Alberta",http://www.lakelandcollege.ca/academics/academic-upgrading/,"Lakeland College5707 College DriveVermilion, Alberta T9X 1K5Canada",General Equivalency Diploma,admissions@lakelandcollege.ca,,Not entered,Not entered,"Non-postsecondary upgrading program (basic literacy, second language training, skills upgrading,)",(780) 853-8400,1-800-661-6490
12,NorQuest College,Academic Upgrading,"Edmonton, Alberta",https://www.norquest.ca/cal/current/program/academic-upgrading-AU12/index.aspx,"NorQuest CollegeDowntown Campus, Main BuildingEdmonton, Alberta T5J 1L6Canada",Other college post-secondary credential,info@norquest.ca,,Not entered,Not entered,"Non-postsecondary upgrading program (basic literacy, second language training, skills upgrading,)",(780) 644-6000,
13,Northern Alberta Institute of Technology (NAIT),Academic Upgrading,"Edmonton, Alberta",http://www.nait.ca/program_home_75979.htm,"Northern Alberta Institute of Technology (NAIT)11762 - 106 StreetEdmonton, Alberta T5G 2R1Canada",Certificate,AskNAIT@nait.ca,(780) 471-8490,Not entered,Not entered,"Non-postsecondary upgrading program (basic literacy, second language training, skills upgrading,)",(780) 471-6248,1-877-333-6248
14,Northern Lakes College,Academic Upgrading,"Slave, Alberta",https://www.northernlakescollege.ca/programs-courses/programs#/programs/1227,"Northern Lakes College - Slave Lake Campus1201 Main Street SE     Slave Lake, Alberta T0G 2A0Canada",General Equivalency Diploma,,(780) 849-2570,Not entered,Not entered,"Non-postsecondary upgrading program (basic literacy, second language training, skills upgrading,)",(780) 849-8600,
15,Southern Alberta Institute of Technology (SAIT),Academic Upgrading,"Calgary, Alberta",http://www.sait.ca/programs-and-courses/academic-upgrading.php,"Southern Alberta Institute of Technology - Main Campus1301 16th Ave NWCalgary, Alberta T2M 0L4Canada",No credential/no certification (not applicable),advising@sait.ca,(403) 284-7112,Not entered,Not entered,"Non-postsecondary upgrading program (basic literacy, second language training, skills upgrading,)",(403) 284-7248,1-877-284-7248
16,Medicine Hat College,Academic Upgrading / College Preparation,"Medicine, Alberta",https://www.mhc.ab.ca/ProgramsandCourses/Academic%20Programs/Programs%20of%20Study/Academic%20Transition%20Plan.aspx,"Medicine Hat College299 College Drive SEMedicine Hat, Alberta T1A 3Y6Canada",Other type of credential,info@mhc.ab.ca,(403) 504-3517,Not entered,Not entered,"Non-postsecondary upgrading program (basic literacy, second language training, skills upgrading,)",(403) 529-3811,1-866-282-8394
17,Mount Royal University,Academic Upgrading and Open Studies,"Calgary, Alberta",http://www.mtroyal.ca/ProgramsCourses/ContinuingEducation/CentreforExtensionCredit/parttime/upgrade/index.htm,"Mount Royal University - Lincoln Park Campus4825 Mount Royal Gate SWCalgary, Alberta T3E 6K6Canada",Other type of credential,,,Unknown,University Graduate unknown level,University Undergraduate unknown level,(403) 440-6111,
18,Southern Alberta Institute of Technology (SAIT),Accelerated Accounting Certificate of Achievement,"Calgary, Alberta",http://www.sait.ca/programs-and-courses/continuing-education/courses-and-certificates/accelerated-accounting-certificate-of-achievement.php,"Southern Alberta Institute of Technology - Main Campus1301 16th Ave NWCalgary, Alberta T2M 0L4Canada",Certificate,advising@sait.ca,(403) 284-7112,Not entered,Not entered,College or CEGEP postsecondary program,(403) 284-7248,1-877-284-7248
19,Southern Alberta Institute of Technology (SAIT),Accounting - Oil and Gas Production,"Calgary, Alberta",http://www.sait.ca/programs-and-courses/full-time-studies/certificates/accounting-–-oil-and-gas-production-course-overview.php,"Southern Alberta Institute of Technology - Main Campus1301 16th Ave NWCalgary, Alberta T2M 0L4Canada",Certificate,advising@sait.ca,(403) 284-7112,Not entered,Not entered,College or CEGEP postsecondary program,(403) 284-7248,1-877-284-7248
20,Robertson College,Accounting & Payroll Administrator,"Winnipeg, Manitoba",http://www.robertsoncollege.com/careers-accounting-payroll-administrator-calgary.aspx,"Robertson College - Winnipeg265 Notre Dame AvenueWinnipeg, Manitoba R3B 1N9Canada",Diploma,info@robertsoncollege.com,(204) 926-8320,Not entered,Not entered,College or CEGEP postsecondary program,(204) 926-8389,1-888-892-5262
21,ABM College of Health and Technology,Accounting and Payroll,"Calgary, Alberta",http://abmcollege.com/program/accounting-and-payroll/,"Calgary Campus, ALBERTA3880 29 Street Northeast, Suite 200 Calgary, Alberta T1Y 6B6Canada",Diploma,info@ABMCollege.com ,(403) 910-0737,Unknown,Not entered,College or CEGEP postsecondary program,(403) 719-4300,
22,Reeves College,Accounting and Payroll Administration,"Lloydminster, Alberta",http://www.reevescollege.ca/programs-and-courses/accounting-payroll-administration/,"Reeves College103-5704 44th StLloydminster, Alberta T9V 2A1Canada",Diploma,Vanessa.Knot@reevescollege.ca,(780) 875-9209,Not entered,Not entered,College or CEGEP postsecondary program,(780) 875-3308,1-800-670-4512
23,CDI College,Accounting and Payroll Administrator,"Abbotsford, Columbia",http://www.cdicollege.ca/programs-and-courses/accounting-and-payroll-administration-ab/,"CDI College - Abbotsford Campus31838 South Fraser WayAbbotsford, British Columbia V2T 1V3Canada",Diploma,,,Not entered,Not entered,College or CEGEP postsecondary program,,1-800-675-4392
24,Evergreen College,Accounting and Payroll Administrator,"Calgary, Alberta",http://www.evergreencollege.ca/accounting-and-payroll-assistant-diploma-program/?&edit=1,"Calgary1-3516 26th Street NECalgary, Alberta T1Y 4T7Canada",Diploma,,(403) 4576410,Not entered,Not entered,College unknown level,(403) 4576400,
25,Grant MacEwan University,Accounting and Strategic Measurement Diploma,"Edmonton, Alberta",http://www.macewan.ca/wcm/SchoolsFaculties/Business/Programs/AccountingandStrategicMeasurement/index.htm,"Grant MacEwan University10700 - 104 AvenueEdmonton, Alberta T5J 4S2Canada",Diploma,info@macewan.ca,(708) 497-5001,Not entered,Not entered,College or CEGEP postsecondary program,(708) 497-5040,1-888-497-4622
26,Robertson College,Accounting Assistant,"Winnipeg, Manitoba",http://www.robertsoncollege.com/programs/business/accounting-assistant/,"Robertson College - Winnipeg265 Notre Dame AvenueWinnipeg, Manitoba R3B 1N9Canada",Diploma,info@robertsoncollege.com,(204) 926-8320,Unknown,University Graduate unknown level,College or CEGEP postsecondary program,(204) 926-8389,1-888-892-5262
27,Columbia College (Alberta),Accounting Assistant Professional Certificate,"Calgary, Alberta",http://www.columbia.ab.ca/programs-courses/professional-programs/accounting-assistant-professional/,"Columbia College802 Manning Road NECalgary, Alberta T2E 7N8Canada",Certificate,columbia@columbia.ab.ca,(403) 272-3805,Unknown,Not entered,College or CEGEP postsecondary program,(403) 235-9300,1-888-235-9370
28,CDI College,Accounting Assistant/Bookkeeper,"Abbotsford, Columbia",http://www.cdicollege.ca/programs-and-courses/accounting-assistant-bookkeeper-ontario/,"CDI College - Abbotsford Campus31838 South Fraser WayAbbotsford, British Columbia V2T 1V3Canada",Diploma,,,Not entered,Not entered,College or CEGEP postsecondary program,,1-800-675-4392
29,University of Calgary ,Accounting (B.Comm.),"Calgary, Alberta",http://www.ucalgary.ca/future-students/undergraduate/explore-programs/accounting,"University of Calgary 2500 University Drive N.W.Calgary, Alberta T2N 1N4Canada",Degree,future.students@ucalgary.ca ,(403) 220-0762,Not entered,Not entered,"Bachelor degree (B.A., B.Sc)",(403) 210-7625,
30,Lakeland College,Accounting Major,"Vermilion, Alberta",http://www.lakelandcollege.ca/academics/business/programs-and-courses/accounting-major/,"Lakeland College5707 College DriveVermilion, Alberta T9X 1K5Canada",Diploma,admissions@lakelandcollege.ca,,Not entered,Not entered,College or CEGEP postsecondary program,(780) 853-8400,1-800-661-6490
31,Robertson College,Accounting Specialist,"Winnipeg, Manitoba",http://www.robertsoncollege.com/programs/business/accounting-specialist/,"Robertson College - Winnipeg265 Notre Dame AvenueWinnipeg, Manitoba R3B 1N9Canada",Diploma,info@robertsoncollege.com,(204) 926-8320,Not entered,Not entered,College or CEGEP University Transfer program,(204) 926-8389,1-888-892-5262
32,Lakeland College,Accounting Technician,"Vermilion, Alberta",http://www.lakelandcollege.ca/academics/business/programs-and-courses/accounting-tech/,"Lakeland College5707 College DriveVermilion, Alberta T9X 1K5Canada",Certificate,admissions@lakelandcollege.ca,,Not entered,Not entered,College or CEGEP postsecondary program,(780) 853-8400,1-800-661-6490
33,NorQuest College,Accounting Technician,"Edmonton, Alberta",http://www.norquest.ca/cal/current/program/accounting-technician/,"NorQuest CollegeDowntown Campus, Main BuildingEdmonton, Alberta T5J 1L6Canada",Certificate,info@norquest.ca,,Not entered,Not entered,College or CEGEP postsecondary program,(780) 644-6000,
34,Portage College,Accounting Technician,"Lac, Alberta",http://www.portagecollege.ca/Programs/Business/Accounting-Technician,"Portage College - Lac La Biche Campus9531-94 AvenueLac La Biche, Alberta T0A 2C0Canada",Certificate,,,Not entered,Not entered,College or CEGEP postsecondary program,,1-866-623-5551
35,Reeves College,Accounting Technician,"Lloydminster, Alberta",http://www.reevescollege.ca/programs-and-courses/accounting-technician/,"Reeves College103-5704 44th StLloydminster, Alberta T9V 2A1Canada",Diploma,Vanessa.Knot@reevescollege.ca,(780) 875-9209,Not entered,Not entered,College or CEGEP postsecondary program,(780) 875-3308,1-800-670-4512
36,University of Calgary ,Actuarial Science (B.Sc.),"Calgary, Alberta",http://www.ucalgary.ca/future-students/undergraduate/explore-programs/actuarial-science,"University of Calgary 2500 University Drive N.W.Calgary, Alberta T2N 1N4Canada",Degree,future.students@ucalgary.ca ,(403) 220-0762,Not entered,Not entered,"Bachelor degree (B.A., B.Sc)",(403) 210-7625,
37,Grant MacEwan University,Acupuncture,"Edmonton, Alberta",http://www.macewan.ca/wcm/SchoolsFaculties/HCS/Programs/Acupuncture/index.htm,"Grant MacEwan University10700 - 104 AvenueEdmonton, Alberta T5J 4S2Canada",Diploma,info@macewan.ca,(708) 497-5001,Not entered,Not entered,College or CEGEP postsecondary program,(708) 497-5040,1-888-497-4622
38,Reeves College,Acupuncture,"Lloydminster, Alberta",http://www.reevescollege.ca/programs-and-courses/acupuncture/,"Reeves College103-5704 44th StLloydminster, Alberta T9V 2A1Canada",Diploma,Vanessa.Knot@reevescollege.ca,(780) 875-9209,Unknown,Not entered,College or CEGEP postsecondary program,(780) 875-3308,1-800-670-4512
39,Calgary College of Traditional Chinese Medicine and Acupuncture,Acupuncture Diploma,"Calgary, Alberta",http://www.cctcma.com/programs/acupuncture-diploma/,"Calgary College of Traditional Chinese Medicine and Acupuncture107 and 217, 4014 Macleod Trail, SouthCalgary, Alberta T2G 2R7Canada",Diploma, info@cctcma.com,(403) 287-8660,Unknown,Not entered,Non-postsecondary trade/vocational or pre-employment program,(403) 287-8688,1-866-676-8688
40,Canadian Institute of Traditional Chinese Medicine,Acupuncture Diploma Program,"Calgary, Alberta",http://citcm.com/acupuncture/citcm-programs/,"Canadian Institute of Traditional Chinese Medicine138 17th Ave NECalgary, Alberta T2E 1L6Canada",Diploma,info@citcm.com,(866) 428-2909,Not entered,Not entered,Non-postsecondary trade/vocational or pre-employment program,(403) 520-5258,1-888-859-8686
41,Alberta College of Acupuncture & Traditional Chinese Medicine,Acupuncture Program,"Calgary, Alberta",http://www.acatcm.com/doctor-of-acupuncture/diploma-in-acupuncture,"Alberta College of Acupuncture & Traditional Chinese MedicineMarket Mall Professional Centre Calgary, Alberta T3A 2N1Canada",Diploma,info@acatcm.com ,,Not entered,Not entered,College unknown level,(403) 286-8788 ,1-888-789-9984
42,Northern Lakes College,Addiction Services Worker (Certificate) Program,"Slave, Alberta",https://www.northernlakescollege.ca/programs-courses/programs#/programs/1223,"Northern Lakes College - Slave Lake Campus1201 Main Street SE     Slave Lake, Alberta T0G 2A0Canada",Certificate,,(780) 849-2570,Not entered,Not entered,College or CEGEP postsecondary program,(780) 849-8600,
43,CDI College,Addictions and Community Services Worker,"Abbotsford, Columbia",http://www.cdicollege.ca/programs-and-courses/addictions-and-community-services-worker-ontario/,"CDI College - Abbotsford Campus31838 South Fraser WayAbbotsford, British Columbia V2T 1V3Canada",Diploma,,,Not entered,Not entered,College or CEGEP postsecondary program,,1-800-675-4392
44,Reeves College,Addictions and Community Services Worker,"Lloydminster, Alberta",http://www.reevescollege.ab.ca/community-health-care.cfm,"Reeves College103-5704 44th StLloydminster, Alberta T9V 2A1Canada",Diploma,Vanessa.Knot@reevescollege.ca,(780) 875-9209,Not entered,Not entered,College or CEGEP postsecondary program,(780) 875-3308,1-800-670-4512
45,Medicine Hat College,Addictions Counselling / Social Work,"Medicine, Alberta",https://www.mhc.ab.ca/ProgramsandCourses/Academic%20Programs/Programs%20of%20Study/Addictions%20Counselling_Social%20Work.aspx,"Medicine Hat College299 College Drive SEMedicine Hat, Alberta T1A 3Y6Canada",Diploma,info@mhc.ab.ca,(403) 504-3517,Not entered,Not entered,College or CEGEP postsecondary program,(403) 529-3811,1-866-282-8394
46,Medicine Hat College,Addictions Counselling (Diploma),"Medicine, Alberta",https://www.mhc.ab.ca/ProgramsandCourses/Academic%20Programs/Programs%20of%20Study/Addictions%20Counselling.aspx,"Medicine Hat College299 College Drive SEMedicine Hat, Alberta T1A 3Y6Canada",Diploma,info@mhc.ab.ca,(403) 504-3517,Not entered,Not entered,College or CEGEP postsecondary program,(403) 529-3811,1-866-282-8394
47,Bow Valley College,Addictions Studies - Aboriginal Focus Certificate,"Calgary, Alberta",http://www.bowvalleycollege.ca/programs-and-courses/human-services/aboriginal-addictions-services-counselling-certificate.html,"North and South Campus345-6 Avenue SECalgary, Alberta T2G 4V1Canada",Certificate,info@bowvalleycollege.ca,,Unknown,University Graduate unknown level,College unknown level,(403) 410-1400,1-866-428-2669
48,Bow Valley College,Addictions Studies - Aboriginal Focus Diploma,"Calgary, Alberta",http://www.bowvalleycollege.ca/programs-and-courses/human-services/aboriginal-addictions-services-counselling-diploma.html,"North and South Campus345-6 Avenue SECalgary, Alberta T2G 4V1Canada",Diploma,info@bowvalleycollege.ca,,Unknown,University Graduate unknown level,College or CEGEP postsecondary program,(403) 410-1400,1-866-428-2669
49,Academy of Learning,Administrative Assistant,"Medicine, Alberta",http://www.academyoflearning.com/ab/administrative-assistant,"Academy of Learning115 3030 13 AveMedicine Hat, Alberta T1B 1E3Canada",Diploma,medicinehat@academyoflearning.ab.ca ,,Not entered,Not entered,College or CEGEP postsecondary program,(403) 526-5833,1-855-978-3988
50,Maskwacis Cultural College,Administrative Assistant Certificate,"Maskwacis, Alberta",http://www.maskwachees.ca/maa.htm,"Maskwacis Cultural College Box 360Maskwacis, Alberta T0C 1N0Canada",Certificate,gfleury@mccedu.ca ,(780) 585-2080,Not entered,Not entered,College or CEGEP postsecondary program,,1-866-585-3925
51,Columbia College (Alberta),Administrative Assistant Professional Certificate,"Calgary, Alberta",http://www.columbia.ab.ca/programs-courses/professional-programs/administrative-assistant-professional-certificate/,"Columbia College802 Manning Road NECalgary, Alberta T2E 7N8Canada",Certificate,columbia@columbia.ab.ca,(403) 272-3805,Unknown,University Graduate unknown level,College or CEGEP University Transfer program,(403) 235-9300,1-888-235-9370
52,Southern Alberta Institute of Technology (SAIT),Administrative Information Management,"Calgary, Alberta",http://www.sait.ca/programs-and-courses/full-time-studies/diplomas/administrative-information-management-course-overview.php,"Southern Alberta Institute of Technology - Main Campus1301 16th Ave NWCalgary, Alberta T2M 0L4Canada",Diploma,advising@sait.ca,(403) 284-7112,Not entered,Not entered,College or CEGEP postsecondary program,(403) 284-7248,1-877-284-7248
53,Cambrooks College Inc.,Administrative Office Management,"Calgary, Alberta",http://www.cambrooks.ca/administrative-office-management/,"Cambrooks College202, 4015 - 17 Avenue SECalgary, Alberta T2A 0S8Canada",Diploma,info@cambrooks.ca,(403) 452-6111,Not entered,Not entered,College or CEGEP postsecondary program,(403) 452-3694,
54,Medicine Hat College,Administrative Office Management,"Medicine, Alberta",https://www.mhc.ab.ca/ProgramsandCourses/Academic%20Programs/Programs%20of%20Study/Administrative%20Office%20Management.aspx,"Medicine Hat College299 College Drive SEMedicine Hat, Alberta T1A 3Y6Canada",Diploma,info@mhc.ab.ca,(403) 504-3517,Not entered,Not entered,College or CEGEP postsecondary program,(403) 529-3811,1-866-282-8394
55,Lethbridge College,Administrative Office Professional,"Lethbridge, Alberta",http://www.lethbridgecollege.ca/program/administrative-office-professional,"Lethbridge College3000 College Drive SouthLethbridge, Alberta T1K 1L6Canada",Certificate, info@lethbridgecollege.ca,,Unknown,Not entered,College or CEGEP postsecondary program,(403) 320-3200,1-800-572-0103
56,Medicine Hat College,Administrative Office Professional,"Medicine, Alberta",https://www.mhc.ab.ca/ProgramsandCourses/Academic%20Programs/Programs%20of%20Study/Administrative%20Office%20Professional.aspx,"Medicine Hat College299 College Drive SEMedicine Hat, Alberta T1A 3Y6Canada",Certificate,info@mhc.ab.ca,(403) 504-3517,Not entered,Not entered,College or CEGEP postsecondary program,(403) 529-3811,1-866-282-8394
57,NorQuest College,Administrative Professional,"Edmonton, Alberta",http://www.norquest.ca/cal/current/program/administrative-professional-certificate/,"NorQuest CollegeDowntown Campus, Main BuildingEdmonton, Alberta T5J 1L6Canada",Certificate,info@norquest.ca,,Not entered,Not entered,College or CEGEP postsecondary program,(780) 644-6000,
58,Robertson College,Administrative Professional,"Winnipeg, Manitoba",http://www.robertsoncollege.com/programs/business/administrative-professional/,"Robertson College - Winnipeg265 Notre Dame AvenueWinnipeg, Manitoba R3B 1N9Canada",Diploma,info@robertsoncollege.com,(204) 926-8320,Not entered,Not entered,College or CEGEP postsecondary program,(204) 926-8389,1-888-892-5262
59,Robertson College,Administrative Professional / Bookkeeper,"Winnipeg, Manitoba",http://www.robertsoncollege.com/programs/business/administrative-professional-bookkeeper/,"Robertson College - Winnipeg265 Notre Dame AvenueWinnipeg, Manitoba R3B 1N9Canada",Diploma,info@robertsoncollege.com,(204) 926-8320,Not entered,Not entered,College or CEGEP University Transfer program,(204) 926-8389,1-888-892-5262
60,Red Deer College,"Administrative Professional, Certificate","Red, Alberta",http://rdc.ab.ca/programs/administrative-professional-certificate,"Red Deer College100 College Boulevard Red Deer, Alberta T4N 5H5Canada",Certificate,inquire@rdc.ab.ca ,(403) 357-3660,Not entered,Not entered,College or CEGEP postsecondary program,(403) 342-3400,1-888-732-4630
61,Bow Valley College,Administrative Professional Certificate,"Calgary, Alberta",http://www.bowvalleycollege.ca/programs-and-courses/chiu-school-of-business/certificate-programs/administrative-professional-certificate.html,"North and South Campus345-6 Avenue SECalgary, Alberta T2G 4V1Canada",Certificate,info@bowvalleycollege.ca,,Unknown,University Graduate unknown level,"Non-postsecondary upgrading program (basic literacy, second language training, skills upgrading,)",(403) 410-1400,1-866-428-2669
62,Campbell College Ltd.,Administrative Professional Diploma Program,"Edmonton, Alberta",http://www.campbellcollege.ca/training-helps-you-get-a-job,"Campbell College101 Stanley Building #2Edmonton, Alberta T5G 0X5Canada",Diploma,info@campbellcollege.ca,(780) 447-5902,Not entered,Not entered,College or CEGEP postsecondary program,(780) 448-1850,
63,Cypress College - Medicine Hat,Administrative technology,"Medicine, Alberta",http://www.cypresscollege.ca/programs.php,"Cypress College - Medicine Hat#3 7th St. SEMedicine Hat, Alberta T1A 1J2Canada",Diploma,admissions@cypresscollege.ca,(403) 526-4388,Unknown,University Graduate unknown level,College or CEGEP postsecondary program,(403) 527-4382,
64,University of Calgary ,Adult and Community Education (Certificate),"Calgary, Alberta",http://conted.ucalgary.ca/public/category/courseCategoryCertificateProfile.do?method=load&certificateId=3049609,"University of Calgary 2500 University Drive N.W.Calgary, Alberta T2N 1N4Canada",Certificate,future.students@ucalgary.ca ,(403) 220-0762,Not entered,Not entered,Undergraduate level certificate or diploma,(403) 210-7625,
65,Northern Lakes College,Adult Basic Education,"Slave, Alberta",https://www.northernlakescollege.ca/programs-courses/programs#/programs/1228,"Northern Lakes College - Slave Lake Campus1201 Main Street SE     Slave Lake, Alberta T0G 2A0Canada",General Equivalency Diploma,,(780) 849-2570,Not entered,Not entered,"Non-postsecondary upgrading program (basic literacy, second language training, skills upgrading,)",(780) 849-8600,
66,Medicine Hat College,Adult Basic Education (ABE),"Medicine, Alberta",https://www.mhc.ab.ca/ProgramsandCourses/Academic%20Programs/Programs%20of%20Study/Adult%20Basic%20Education.aspx,"Medicine Hat College299 College Drive SEMedicine Hat, Alberta T1A 3Y6Canada",Declaration of academic achievement,info@mhc.ab.ca,(403) 504-3517,Not entered,Not entered,Non-postsecondary trade/vocational or pre-employment program,(403) 529-3811,1-866-282-8394
67,Lakeland College,Adult Development,"Vermilion, Alberta",http://www.lakelandcollege.ca/academics/continuing-edu/programs-and-courses/adult-development/,"Lakeland College5707 College DriveVermilion, Alberta T9X 1K5Canada",Unknown,admissions@lakelandcollege.ca,,Not entered,Not entered,College or CEGEP postsecondary program,(780) 853-8400,1-800-661-6490
68,Lambton College of Applied Arts and Technology,Adult Education,"Sarnia, Ontario",http://www.lambtoncollege.ca/custom/LambtonApps/Programs/Part-Time.aspx?id=2147509082&type=CF,"Lambton College - Main Campus1457 London RoadSarnia, Ontario N7S 6K4Canada",Certificate,info@lambtoncollege.ca ,,Not entered,Not entered,University graduate level certificate/diploma,(519) 542-7751,
69,University of Calgary ,Adult Learning specializing in Adult and Community Education (Certificate),"Calgary, Alberta",http://conted.ucalgary.ca/public/category/courseCategoryCertificateProfile.do?method=load&certificateId=13146396,"University of Calgary 2500 University Drive N.W.Calgary, Alberta T2N 1N4Canada",Certificate,future.students@ucalgary.ca ,(403) 220-0762,Not entered,Not entered,Undergraduate level certificate or diploma,(403) 210-7625,
70,University of Calgary ,Adult Learning specializing in Career and Academic Advising (Certificate),"Calgary, Alberta",http://conted.ucalgary.ca/public/category/courseCategoryCertificateProfile.do?method=load&certificateId=13146695,"University of Calgary 2500 University Drive N.W.Calgary, Alberta T2N 1N4Canada",Certificate,future.students@ucalgary.ca ,(403) 220-0762,Not entered,Not entered,Undergraduate level certificate or diploma,(403) 210-7625,
71,University of Calgary ,Adult Learning specializing in e-Learning (Certificate),"Calgary, Alberta",http://conted.ucalgary.ca/public/category/courseCategoryCertificateProfile.do?method=load&certificateId=13147051,"University of Calgary 2500 University Drive N.W.Calgary, Alberta T2N 1N4Canada",Certificate,future.students@ucalgary.ca ,(403) 220-0762,Not entered,Not entered,Undergraduate level certificate or diploma,(403) 210-7625,
72,University of Calgary ,Adult Learning specializing in Workplace Learning (Certificate),"Calgary, Alberta",http://conted.ucalgary.ca/public/category/courseCategoryCertificateProfile.do?method=load&certificateId=13147933,"University of Calgary 2500 University Drive N.W.Calgary, Alberta T2N 1N4Canada",Degree,future.students@ucalgary.ca ,(403) 220-0762,Not entered,Not entered,Undergraduate level certificate or diploma,(403) 210-7625,
73,Numa International Institute of Makeup and Design,Advanced Artistry,"Calgary, Alberta",http://niimd.com/site/diploma/essential-artistry/,"Numa International Institute of Makeup and Design6402 1A St SWCalgary, Alberta T2H 0G6Canada",Certificate,niimd.director@gmail.com,(866) 686-2857,Not entered,Not entered,Non-postsecondary trade/vocational or pre-employment program,(403) 455-6862,
74,Portage College,Advanced Care Paramedic,"Lac, Alberta",http://www.portagecollege.ca/Programs/Health-and-Wellness/Advanced-Care-Paramedic,"Portage College - Lac La Biche Campus9531-94 AvenueLac La Biche, Alberta T0A 2C0Canada",Diploma,,,Not entered,Not entered,College or CEGEP postsecondary program,,1-866-623-5551
75,Aveda Institute,ADVANCED CERTIFICATE PROGRAM - CALGARY,"Calgary, Alberta",http://avedainstitute.ca/en/school/calgary,"Aveda Institute Calgary225 - 8th Avenue SWCalgary, Alberta T2P 1B7Canada",Certificate,info@avedainstitute.ca,,Not entered,Not entered,Non-postsecondary trade/vocational or pre-employment program,(403) 264-5070,
76,Aveda Institute,ADVANCED CERTIFICATE PROGRAM - TORONTO,"Calgary, Alberta",http://avedainstitute.ca/en/school/toronto,"Aveda Institute Calgary225 - 8th Avenue SWCalgary, Alberta T2P 1B7Canada",Certificate,info@avedainstitute.ca,,Not entered,Not entered,Non-postsecondary trade/vocational or pre-employment program,(403) 264-5070,
77,Aveda Institute,ADVANCED CERTIFICATE PROGRAM - VANCOUVER,"Calgary, Alberta",http://avedainstitute.ca/en/school/vancouver,"Aveda Institute Calgary225 - 8th Avenue SWCalgary, Alberta T2P 1B7Canada",Certificate,info@avedainstitute.ca,,Not entered,Not entered,Non-postsecondary trade/vocational or pre-employment program,(403) 264-5070,
78,Aveda Institute,ADVANCED CERTIFICATE PROGRAM - WINNIPEG,"Calgary, Alberta",http://avedainstitute.ca/en/school/winnipeg,"Aveda Institute Calgary225 - 8th Avenue SWCalgary, Alberta T2P 1B7Canada",Certificate,info@avedainstitute.ca,,Not entered,Not entered,Non-postsecondary trade/vocational or pre-employment program,(403) 264-5070,
79,Makami College Inc.,Advanced Clinical Massage Therapy,"Edmonton, Alberta",http://makamicollege.com/licensed-programs/,"Makami College Inc.Suite 205A, Capilano MallEdmonton, Alberta T6AA1Canada",Diploma,info@makamicollege.com,,Unknown,University Graduate unknown level,College or CEGEP postsecondary program,(780) 468-3454,
80,Academy of Learning,Advanced Computerized Office Procedures,"Medicine, Alberta",http://www.academyoflearning.com/ab/advanced-computerized-office-procedures,"Academy of Learning115 3030 13 AveMedicine Hat, Alberta T1B 1E3Canada",Diploma,medicinehat@academyoflearning.ab.ca ,,Not entered,Not entered,College or CEGEP postsecondary program,(403) 526-5833,1-855-978-3988
81,CDI College,Advanced Early Childhood,"Abbotsford, Columbia",http://www.cdicollege.ca/programs-and-courses/advanced-early-childhood-ab/,"CDI College - Abbotsford Campus31838 South Fraser WayAbbotsford, British Columbia V2T 1V3Canada",Diploma,,,Not entered,Not entered,College or CEGEP postsecondary program,,1-800-675-4392
82,NorQuest College,Advanced Education in Orthopaedics for Licensed Practical Nurses (LPNs),"Edmonton, Alberta",http://www.norquest.ca/cal/current/program/advanced-education-in-orthopaedics-for-lpns/,"NorQuest CollegeDowntown Campus, Main BuildingEdmonton, Alberta T5J 1L6Canada",Certificate,info@norquest.ca,,Not entered,Not entered,College Post-Diploma Program,(780) 644-6000,
83,Canadian School of Natural Nutrition,Advanced Holistic Nutrition Program,"Moncton, Brunswick",http://csnn.ca/programs/advanced-nutrition/an-info/,"Canadian School of Natural Nutrition - Moncton1201 Mountain RoadMoncton, New Brunswick E1C 2T4Canada",Diploma,moncton@csnn.ca,(506) 384-4692,Not entered,Not entered,Non-postsecondary trade/vocational or pre-employment program,(506) 384-2700,
84,Lambton College of Applied Arts and Technology,Advanced Law Enforcement & Justice,"Sarnia, Ontario",http://www.lambtoncollege.ca/custom/LambtonApps/Programs/Full-Time.aspx?id=2147504164,"Lambton College - Main Campus1457 London RoadSarnia, Ontario N7S 6K4Canada",Certificate,info@lambtoncollege.ca ,,Unknown,University Graduate unknown level,College or CEGEP postsecondary program,(519) 542-7751,
85,Artists Within,Advanced Makeup Diploma,"Calgary, Alberta",http://www.artistswithin.com/#AdvancedMakeupDiploma,"Artists WithinSuite 306, 822 11th Avenue SWCalgary, Alberta T2R 0E5Canada",Diploma,info@artistswithin.com,,Unknown,University Graduate unknown level,College or CEGEP postsecondary program,(403) 208-0034,
86,CDI College,Advanced Massage Therapy,"Abbotsford, Columbia",http://www.cdicollege.ca/Programs-and-Courses/Advanced-Massage-Therapy,"CDI College - Abbotsford Campus31838 South Fraser WayAbbotsford, British Columbia V2T 1V3Canada",Diploma,,,Not entered,Not entered,College or CEGEP postsecondary program,,1-800-675-4392
87,Northern Institute of Massage Therapy Inc.,Advanced Massage Therapy,"Red, Alberta",http://nimt.ca/advanced,"Northern Institute of Massage Therapy Inc.219, 3722 57 AveRed Deer, Alberta T4N 4R7Canada",Certificate,info@nimt.ca,(587) 317-7401,Not entered,Not entered,Non-postsecondary trade/vocational or pre-employment program,,1-888-261-8999
88,Robertson College,Advanced Massage Therapy,"Winnipeg, Manitoba",http://www.robertsoncollege.com/programs/health-care/advanced-massage-therapy/,"Robertson College - Winnipeg265 Notre Dame AvenueWinnipeg, Manitoba R3B 1N9Canada",Diploma,info@robertsoncollege.com,(204) 926-8320,Not entered,Not entered,College or CEGEP postsecondary program,(204) 926-8389,1-888-892-5262
89,Alberta Institute of Massage,Advanced Massage Therapy Diploma,"Red, Alberta",http://www.albertainstituteofmassage.com/programs.htm,"Alberta Institute of Massage7710 Gaetz Avenue Red Deer , Alberta T4P 2A5Canada",Diploma,info@AlbertaInstituteOfMassage.com,(403) 346-0606 ,Not entered,Not entered,College or CEGEP postsecondary program,(403) 346-1018 ,
90,Alberta Institute of Massage,Advanced Massage Therapy Diploma - Part-time,"Red, Alberta",http://www.albertainstituteofmassage.com/programs.htm,"Alberta Institute of Massage7710 Gaetz Avenue Red Deer , Alberta T4P 2A5Canada",Diploma,info@AlbertaInstituteOfMassage.com,(403) 346-0606 ,Not entered,Not entered,College or CEGEP postsecondary program,(403) 346-1018 ,
91,Professional Institute of Massage Therapy,Advanced Massage Therapy Diploma Program - Calgary,"Calgary, Alberta",http://www.pimtmassage.com/pimt_2016_may_006.htm,"Professional Institute of Massage Therapy - Calgary Campus#310 - 15 Royal Vista Place NWCalgary, Alberta T3R 0P3Canada",Diploma,calgary@pimtmassage.com,,Not entered,Not entered,Non-postsecondary trade/vocational or pre-employment program,(403) 247-4319,
92,Professional Institute of Massage Therapy,Advanced Massage Therapy Diploma Program - Saskatoon,"Calgary, Alberta",http://www.pimtmassage.com/pimt_2016_may_007.htm,"Professional Institute of Massage Therapy - Calgary Campus#310 - 15 Royal Vista Place NWCalgary, Alberta T3R 0P3Canada",Diploma,calgary@pimtmassage.com,,Not entered,Not entered,Non-postsecondary trade/vocational or pre-employment program,(403) 247-4319,
93,Lambton College of Applied Arts and Technology,Advanced Power Engineering Technology (2nd Class),"Sarnia, Ontario",http://www.lambtoncollege.ca/custom/LambtonApps/Programs/Part-Time.aspx?id=2147505441&type=PI,"Lambton College - Main Campus1457 London RoadSarnia, Ontario N7S 6K4Canada",Certificate,info@lambtoncollege.ca ,,Unknown,University Graduate unknown level,College or CEGEP postsecondary program,(519) 542-7751,
94,Northern Lakes College,Advanced Skills for Leadership,"Slave, Alberta",https://www.northernlakescollege.ca/programs-courses/programs#/programs/121,"Northern Lakes College - Slave Lake Campus1201 Main Street SE     Slave Lake, Alberta T0G 2A0Canada",Certificate,,(780) 849-2570,Not entered,Not entered,College or CEGEP postsecondary program,(780) 849-8600,
95,Mount Royal University,Advanced Studies in Critical Care Nursing - Certificate,"Calgary, Alberta",http://www.mtroyal.ca/ProgramsCourses/FacultiesSchoolsCentres/HealthCommunityStudies/Programs/AdvancedStudiesinCriticalCareNursingCertificate/index.htm,"Mount Royal University - Lincoln Park Campus4825 Mount Royal Gate SWCalgary, Alberta T3E 6K6Canada",Certificate,,,Not entered,Not entered,College Post-Diploma Program,(403) 440-6111,
96,Burman University,Adventure Based Counseling,"Lacombe, Alberta",http://www.cauc.ca/outwardpursuits,"Canadian University College6730 University DriveLacombe, Alberta T4L 2E5Canada",Degree,info@cauc.ca,(866) 931-2656,Not entered,Not entered,"Bachelor degree (B.A., B.Sc)",(403) 782-3381,1-800-661-8129
97,Alberta Academy of Aesthetics,Aesthetics,"Edmonton, Alberta",http://www.academyofaesthetics.com/w_aesthetics_program.aspx?,"Alberta Academy of AestheticsWest Edmonton MallEdmonton, Alberta T5T 3J7Canada",Diploma,,(780) 486-7504,Not entered,Not entered,Non-postsecondary trade/vocational or pre-employment program,(780) 486-7201 ,1-800-661-4675 
98,Sultana's Beauty Clinic And School,Aesthetics,"Red, Alberta",http://www.sultanasbeauty.com/,"Sultana's Beauty Clinic & School76 Boyce StRed Deer, Alberta T4R 1L3Canada",Diploma,sheebaparis@hotmail.com,,Unknown,University Graduate unknown level,Non-postsecondary trade/vocational or pre-employment program,(403) 342¿5525 ,
99,Cosmopolitan Make-Up Artistry College,Aesthetics Program,"Edmonton, Alberta",http://cmacollege.com/esthetics-program/,"Cosmopolitan Make-Up Artistry College10014 109th Street NWEdmonton, Alberta T5J 1M4Canada",Diploma,info@cmacdirect.com,(780) 420-0534,Unknown,Not entered,College or CEGEP postsecondary program,(780) 428-4636,1-855-660-4636
100,Medi Aesthetics Institute of Canada,Aesthetics Program,"Red, Alberta",http://www.mediinstitute.ca/programs-module/,"Medi Aesthetics Institute of Canada4601 50 AvenueRed Deer, Alberta T4N 3Z9Canada",Diploma,info@mediinstitute.ca,(403) 346-4303,Not entered,Not entered,College unknown level,(403) 347-3900,1-877-347-3901
101,Lethbridge College,Agiculture Business Risk Management,"Lethbridge, Alberta",,"Lethbridge College3000 College Drive SouthLethbridge, Alberta T1K 1L6Canada",Certificate, info@lethbridgecollege.ca,,Not entered,Not entered,Not entered,(403) 320-3200,1-800-572-0103
102,Lambton College of Applied Arts and Technology,Aging Transitions,"Sarnia, Ontario",http://www.lambtoncollege.ca/custom/LambtonApps/Programs/Part-Time.aspx?id=2147506457,"Lambton College - Main Campus1457 London RoadSarnia, Ontario N7S 6K4Canada",Certificate,info@lambtoncollege.ca ,,Unknown,University Graduate unknown level,College or CEGEP postsecondary program,(519) 542-7751,
103,Lakeland College,Agribusiness,"Vermilion, Alberta",http://www.lakelandcollege.ca/academics/agricultural-sciences/programs-and-courses/agribusiness/,"Lakeland College5707 College DriveVermilion, Alberta T9X 1K5Canada",Diploma,admissions@lakelandcollege.ca,,Not entered,Not entered,College or CEGEP postsecondary program,(780) 853-8400,1-800-661-6490
104,Olds College,Agricultural and Heavy Equipment Program - Certificate/Diploma,"Olds, Alberta",https://www.oldscollege.ca/programs/trades/agricultural-heavy-equipment/index.html,"Olds College4500 - 50th StreetOlds, Alberta T4H 1R6Canada",Diploma, ,(403) 556-4711,Certificate,Apprenticeship Program,College or CEGEP postsecondary program,(403) 556-8281,1-800-661-6537 
105,Lethbridge College,Agricultural and Heavy Equipment Technician,"Lethbridge, Alberta",http://www.lethbridgecollege.ca/program/heavy-equipment-technician,"Lethbridge College3000 College Drive SouthLethbridge, Alberta T1K 1L6Canada",Certificate, info@lethbridgecollege.ca,,Not entered,Not entered,College or CEGEP postsecondary program,(403) 320-3200,1-800-572-0103
106,Olds College,Agricultural Equipment Technician Apprenticeship,"Olds, Alberta",https://www.oldscollege.ca/programs/apprenticeship/apprenticeship-programs/Agricultural-Equipment-TechnicianApprenticeship/,"Olds College4500 - 50th StreetOlds, Alberta T4H 1R6Canada",Certificate, ,(403) 556-4711,Not entered,Not entered,Apprenticeship Program,(403) 556-8281,1-800-661-6537 
107,Southern Alberta Institute of Technology (SAIT),Agricultural Equipment Technicians Apprenticeship,"Calgary, Alberta",http://www.sait.ca/programs-and-courses/apprenticeships-and-trades/apprenticeships/apprenticeship-agricultural-equipment-technician.php,"Southern Alberta Institute of Technology - Main Campus1301 16th Ave NWCalgary, Alberta T2M 0L4Canada",Certificate,advising@sait.ca,(403) 284-7112,Not entered,Not entered,Apprenticeship Program,(403) 284-7248,1-877-284-7248
108,University of Alberta,"Agricultural, Food and Nutritional Science (MAg, MEnd, MSc)","Edmonton, Alberta",http://uofa.ualberta.ca/graduate-studies/programs/search#4697E481CCCB46BF885F86A4E61FB83F,"University of Alberta116 St. and 85 Ave.Edmonton, Alberta T6G 2R3Canada",Degree,,,Not entered,Not entered,"Master's Degree (M.A., M.Sc.)",(780) 492-3111,
109,University of Alberta,"Agricultural, Food and Nutritional Science (PhD)","Edmonton, Alberta",http://uofa.ualberta.ca/graduate-studies/programs/search#4697E481CCCB46BF885F86A4E61FB83F,"University of Alberta116 St. and 85 Ave.Edmonton, Alberta T6G 2R3Canada",Degree,,,Unknown,Not entered,Ph.D (Doctorate),(780) 492-3111,
110,Lakeland College,Agricultural Management,"Vermilion, Alberta",http://www.lakelandcollege.ca/academics/online-and-blended-learning/programs-and-courses/agricultural-management/,"Lakeland College5707 College DriveVermilion, Alberta T9X 1K5Canada",Certificate,admissions@lakelandcollege.ca,,Not entered,Not entered,College or CEGEP postsecondary program,(780) 853-8400,1-800-661-6490
111,Olds College,Agricultural Management,"Olds, Alberta",https://www.oldscollege.ca/programs/agriculture/agricultural-management/,"Olds College4500 - 50th StreetOlds, Alberta T4H 1R6Canada",Diploma, ,(403) 556-4711,Not entered,Not entered,College or CEGEP postsecondary program,(403) 556-8281,1-800-661-6537 
112,Olds College,Agricultural Management - Finance Major,"Olds, Alberta",https://www.oldscollege.ca/programs/agriculture/agricultural-management/majors/finance-major/,"Olds College4500 - 50th StreetOlds, Alberta T4H 1R6Canada",Diploma, ,(403) 556-4711,Not entered,Not entered,College or CEGEP postsecondary program,(403) 556-8281,1-800-661-6537 
113,Olds College,Agricultural Management - Marketing Major,"Olds, Alberta",https://www.oldscollege.ca/programs/agriculture/agricultural-management/majors/marketing-major/,"Olds College4500 - 50th StreetOlds, Alberta T4H 1R6Canada",Diploma, ,(403) 556-4711,Not entered,Not entered,College or CEGEP postsecondary program,(403) 556-8281,1-800-661-6537 
114,Lakeland College,Agriculture,"Vermilion, Alberta",http://www.lakelandcollege.ca/academics/continuing-edu/programs-and-courses/agriculture/,"Lakeland College5707 College DriveVermilion, Alberta T9X 1K5Canada",Unknown,admissions@lakelandcollege.ca,,Not entered,Not entered,College or CEGEP postsecondary program,(780) 853-8400,1-800-661-6490
115,Lethbridge College,Agriculture Sciences,"Lethbridge, Alberta",http://www.lethbridgecollege.ca/program/agriculture-sciences,"Lethbridge College3000 College Drive SouthLethbridge, Alberta T1K 1L6Canada",Diploma, info@lethbridgecollege.ca,,Unknown,Not entered,College or CEGEP postsecondary program,(403) 320-3200,1-800-572-0103
116,Olds College,Agronomy Certificate Level One,"Olds, Alberta",https://www.oldscollege.ca/continuing-education/agriculture/agronomy-certificate-program/agronomy-certificate-level-1/,"Olds College4500 - 50th StreetOlds, Alberta T4H 1R6Canada",Certificate, ,(403) 556-4711,Not entered,Not entered,College or CEGEP postsecondary program,(403) 556-8281,1-800-661-6537 
117,Lakeland College,Aide-élève,"Vermilion, Alberta",http://www.lakelandcollege.ca/academics/en-ligne/programmes-et-cours/aide-eleve/,"Lakeland College5707 College DriveVermilion, Alberta T9X 1K5Canada",Certificate,admissions@lakelandcollege.ca,,Not entered,Not entered,College or CEGEP postsecondary program,(780) 853-8400,1-800-661-6490
118,Southern Alberta Institute of Technology (SAIT),Aircraft Maintenance Engineers Technology,"Calgary, Alberta",http://www.sait.ca/programs-and-courses/full-time-studies/diplomas/aircraft-maintenance-engineers-technology-course-overview.php,"Southern Alberta Institute of Technology - Main Campus1301 16th Ave NWCalgary, Alberta T2M 0L4Canada",Diploma,advising@sait.ca,(403) 284-7112,Not entered,Not entered,College or CEGEP postsecondary program,(403) 284-7248,1-877-284-7248
119,Southern Alberta Institute of Technology (SAIT),Aircraft Structures Technician,"Calgary, Alberta",http://www.sait.ca/programs-and-courses/full-time-studies/certificates/aircraft-structures-technician-course-overview.php,"Southern Alberta Institute of Technology - Main Campus1301 16th Ave NWCalgary, Alberta T2M 0L4Canada",Diploma,advising@sait.ca,(403) 284-7112,Not entered,Not entered,College or CEGEP postsecondary program,(403) 284-7248,1-877-284-7248
120,Advanced Heli-Flight Ltd,Airline Transport Pilot Licence - Helicopters,"Lincoln, Brunswick",http://advancedheliflight.com/page22.html,"Advanced Heli-Flight Ltd - Fredriction International Airport2490 Route 102Lincoln, New Brunswick E3B 7E6Canada",Certificate,ask@advancedheliflight.com,,Unknown,University Graduate unknown level,Non-postsecondary trade/vocational or pre-employment program,(506) 474-2803,
121,Columbia College (Alberta),Alberta Basic Security Training,"Calgary, Alberta",http://www.columbia.ab.ca/programs-courses/professional-programs/alberta-basic-security-training/,"Columbia College802 Manning Road NECalgary, Alberta T2E 7N8Canada",Other type of credential,columbia@columbia.ab.ca,(403) 272-3805,Not entered,Not entered,College or CEGEP postsecondary program,(403) 235-9300,1-888-235-9370
122,Northern Alberta Institute of Technology (NAIT),Alternative Energy Technology,"Edmonton, Alberta",http://www.nait.ca/program_home_76007.htm,"Northern Alberta Institute of Technology (NAIT)11762 - 106 StreetEdmonton, Alberta T5G 2R1Canada",Diploma,AskNAIT@nait.ca,(780) 471-8490,Not entered,Not entered,College or CEGEP postsecondary program,(780) 471-6248,1-877-333-6248
123,Lakeland College,American Sign Language and Deaf Culture Studies,"Vermilion, Alberta",http://www.lakelandcollege.ca/academics/human-services/programs-and-courses/sign-language-and-deaf-studies/,"Lakeland College5707 College DriveVermilion, Alberta T9X 1K5Canada",Certificate,admissions@lakelandcollege.ca,,Not entered,Not entered,College or CEGEP postsecondary program,(780) 853-8400,1-800-661-6490
124,University of Alberta,Anaesthesiology (MSc),"Edmonton, Alberta",http://uofa.ualberta.ca/graduate-studies/programs/search#1C24A562D8A641E6B6B53555AB5D390B,"University of Alberta116 St. and 85 Ave.Edmonton, Alberta T6G 2R3Canada",Degree,,,Unknown,Not entered,"Master's Degree (M.A., M.Sc.)",(780) 492-3111,
125,University of Calgary ,Ancient and Medieval History (B.A.),"Calgary, Alberta",http://www.ucalgary.ca/future-students/undergraduate/explore-programs/ancient-and-medieval-history,"University of Calgary 2500 University Drive N.W.Calgary, Alberta T2N 1N4Canada",Degree,future.students@ucalgary.ca ,(403) 220-0762,Not entered,Not entered,"Bachelor degree (B.A., B.Sc)",(403) 210-7625,
126,Alberta Business & Educational Services (ABES),Animal Care,"Calgary, Alberta",http://www.abes.ca/programs/animal-care,"Alberta Business & Educational Services221 18th Street SE, #10Calgary, Alberta T2E 6J5Canada",Certificate,recruiter@abes.ca ,(403) 265-9368,Not entered,Not entered,Non-postsecondary trade/vocational or pre-employment program,(403) 232-8758 ,
127,Grande Prairie Regional College,Animal Health Technology,"Grande, Alberta",https://www.gprc.ab.ca/programs/animal-health-technology.html,"Grande Prairie Regional College - Grande Prairie Campus10726-106 AvenueGrande Prairie, Alberta T8V 4C4Canada",Diploma,,(1-780) 539-2832 ,Not entered,Not entered,College or CEGEP postsecondary program,(780) 539-2911,1-888-539-4772
128,Lakeland College,Animal Health Technology,"Vermilion, Alberta",http://www.lakelandcollege.ca/academics/agricultural-sciences/programs-and-courses/animal-health-tech/,"Lakeland College5707 College DriveVermilion, Alberta T9X 1K5Canada",Diploma,admissions@lakelandcollege.ca,,Not entered,Not entered,College or CEGEP postsecondary program,(780) 853-8400,1-800-661-6490
129,Northern Alberta Institute of Technology (NAIT),Animal Health Technology,"Edmonton, Alberta",http://www.nait.ca/program_home_76035.htm,"Northern Alberta Institute of Technology (NAIT)11762 - 106 StreetEdmonton, Alberta T5G 2R1Canada",Diploma,AskNAIT@nait.ca,(780) 471-8490,Not entered,Not entered,College or CEGEP postsecondary program,(780) 471-6248,1-877-333-6248
130,Olds College,Animal Health Technology,"Olds, Alberta",https://www.oldscollege.ca/programs/animal-sciences/animal-health-technology-aht/,"Olds College4500 - 50th StreetOlds, Alberta T4H 1R6Canada",Diploma, ,(403) 556-4711,Not entered,Not entered,College or CEGEP postsecondary program,(403) 556-8281,1-800-661-6537 
131,Lakeland College,Animal Science Technology,"Vermilion, Alberta",http://www.lakelandcollege.ca/academics/agricultural-sciences/programs-and-courses/animal-science-technology/,"Lakeland College5707 College DriveVermilion, Alberta T9X 1K5Canada",Diploma,admissions@lakelandcollege.ca,,Not entered,Not entered,College or CEGEP postsecondary program,(780) 853-8400,1-800-661-6490
132,University of Calgary ,Anthropology (Biological) (B.Sc.),"Calgary, Alberta",http://www.ucalgary.ca/future-students/undergraduate/explore-programs/anthropology-biological,"University of Calgary 2500 University Drive N.W.Calgary, Alberta T2N 1N4Canada",Degree,future.students@ucalgary.ca ,(403) 220-0762,Not entered,Not entered,"Bachelor degree (B.A., B.Sc)",(403) 210-7625,
133,University of Alberta,Anthropology (MA),"Edmonton, Alberta",http://uofa.ualberta.ca/anthropology/graduate-programs/ma-anthro,"University of Alberta116 St. and 85 Ave.Edmonton, Alberta T6G 2R3Canada",Degree,,,Not entered,Not entered,"Master's Degree (M.A., M.Sc.)",(780) 492-3111,
134,University of Calgary ,Anthropology (MA),"Calgary, Alberta",http://antharky.ucalgary.ca/graduate,"University of Calgary 2500 University Drive N.W.Calgary, Alberta T2N 1N4Canada",Degree,future.students@ucalgary.ca ,(403) 220-0762,Not entered,Not entered,"Master's Degree (M.A., M.Sc.)",(403) 210-7625,
135,University of Alberta,Anthropology (PhD),"Edmonton, Alberta",http://uofa.ualberta.ca/anthropology/graduate-programs/phd,"University of Alberta116 St. and 85 Ave.Edmonton, Alberta T6G 2R3Canada",Degree,,,Not entered,Not entered,Ph.D (Doctorate),(780) 492-3111,
136,University of Calgary ,Anthropology (PhD),"Calgary, Alberta",http://antharky.ucalgary.ca/graduate,"University of Calgary 2500 University Drive N.W.Calgary, Alberta T2N 1N4Canada",Degree,future.students@ucalgary.ca ,(403) 220-0762,Not entered,Not entered,Ph.D (Doctorate),(403) 210-7625,
137,University of Calgary ,Anthropology (Social and Cultural) (B.A.),"Calgary, Alberta",http://www.ucalgary.ca/future-students/undergraduate/explore-programs/anthropology-social-and-cultural,"University of Calgary 2500 University Drive N.W.Calgary, Alberta T2N 1N4Canada",Degree,future.students@ucalgary.ca ,(403) 220-0762,Not entered,Not entered,"Bachelor degree (B.A., B.Sc)",(403) 210-7625,
138,Olds College,Apparel Technology Diploma,"Olds, Alberta",https://www.oldscollege.ca/programs/fashion/apparel-technology/,"Olds College4500 - 50th StreetOlds, Alberta T4H 1R6Canada",Diploma, ,(403) 556-4711,Not entered,Not entered,College or CEGEP postsecondary program,(403) 556-8281,1-800-661-6537 
139,Southern Alberta Institute of Technology (SAIT),Appliance Service Technician,"Calgary, Alberta",http://www.sait.ca/programs-and-courses/apprenticeships-and-trades/apprenticeships/apprenticeship-appliance-service-technician.php,"Southern Alberta Institute of Technology - Main Campus1301 16th Ave NWCalgary, Alberta T2M 0L4Canada",Certificate,advising@sait.ca,(403) 284-7112,Not entered,Not entered,Apprenticeship Program,(403) 284-7248,1-877-284-7248
140,Red Deer College,Applied Bachelor of Motion Picture Arts,"Red, Alberta",http://rdc.ab.ca/programs/motion-picture-arts-applied-bachelor-red-deer-college,"Red Deer College100 College Boulevard Red Deer, Alberta T4N 5H5Canada",Degree,inquire@rdc.ab.ca ,(403) 357-3660,Not entered,Not entered,College Post-Diploma Program,(403) 342-3400,1-888-732-4630
141,Northern Alberta Institute of Technology (NAIT),Applied Banking and Business,"Edmonton, Alberta",http://www.nait.ca/program_home_76063.htm,"Northern Alberta Institute of Technology (NAIT)11762 - 106 StreetEdmonton, Alberta T5G 2R1Canada",Certificate,AskNAIT@nait.ca,(780) 471-8490,Not entered,Not entered,College or CEGEP postsecondary program,(780) 471-6248,1-877-333-6248
142,University of Calgary ,Applied Chemistry (B.Sc.) (cooperative education mandatory),"Calgary, Alberta",http://www.ucalgary.ca/future-students/undergraduate/explore-programs/applied-chemistry-cooperative-education-mandatory,"University of Calgary 2500 University Drive N.W.Calgary, Alberta T2N 1N4Canada",Degree,future.students@ucalgary.ca ,(403) 220-0762,Not entered,Not entered,"Bachelor degree (B.A., B.Sc)",(403) 210-7625,
143,Southern Alberta Institute of Technology (SAIT),Applied Management Certificate of Achievement,"Calgary, Alberta",http://www.sait.ca/programs-and-courses/continuing-education/courses-and-certificates/applied-management-certificate-of-achievement.php,"Southern Alberta Institute of Technology - Main Campus1301 16th Ave NWCalgary, Alberta T2M 0L4Canada",Certificate,advising@sait.ca,(403) 284-7112,Certificate,Not entered,Apprenticeship Program,(403) 284-7248,1-877-284-7248
144,University of Calgary ,Applied Mathematics (B.Sc.),"Calgary, Alberta",http://www.ucalgary.ca/future-students/undergraduate/explore-programs/applied-mathematics,"University of Calgary 2500 University Drive N.W.Calgary, Alberta T2N 1N4Canada",Degree,future.students@ucalgary.ca ,(403) 220-0762,Not entered,Not entered,"Bachelor degree (B.A., B.Sc)",(403) 210-7625,
145,Elevated Learning Academy,Applied Nutrition Science,"Calgary, Alberta",http://elevatedlearningacademy.com/nutrition-science-diploma-calgary,"Elevated Learning Academy - Calgary Campus6115 10th  St SE 2nd FloorCalgary, Alberta T2H 2Z9Canada",Diploma,info@elevatedlearningacademy.com,,Unknown,Not entered,College or CEGEP postsecondary program,( 403) 802-0933,1-888-544-5573
146,The Orca Institute,Applied Nutrition Science,"Vancouver, Columbia",http://orcainstitute.com/programs/applied-nutrition-science/,"The Orca Institute - Vancouver Campus1202-1255 Bidwell St.Vancouver, British Columbia V6G 2K8Canada",Certificate,info@orcainstitute.com,,Not entered,Not entered,College or CEGEP postsecondary program,(604) 683-8710 ,1-800-665-6722
147,Southern Alberta Institute of Technology (SAIT),Applied Project Management Certificate Of Achievement,"Calgary, Alberta",http://www.sait.ca/programs-and-courses/continuing-education/courses-and-certificates/applied-project-management-certificate-of-achievement.php,"Southern Alberta Institute of Technology - Main Campus1301 16th Ave NWCalgary, Alberta T2M 0L4Canada",Certificate,advising@sait.ca,(403) 284-7112,Not entered,Not entered,College or CEGEP postsecondary program,(403) 284-7248,1-877-284-7248
148,Portage College,Apprenticeship Electrician,"Lac, Alberta",http://www.portagecollege.ca/Programs/Trades-and-Technology/Apprenticeship-Electrician,"Portage College - Lac La Biche Campus9531-94 AvenueLac La Biche, Alberta T0A 2C0Canada",Certificate,,,Not entered,Not entered,Apprenticeship Program,,1-866-623-5551
149,DelMar College of Hair and Esthetics,Apprenticeship Hairstyling Program,"Calgary, Alberta",http://www.delmarcollege.com/apprenticeships%20/?,"DelMar College of Hair and Esthetics5915 1A Street SWCalgary, Alberta T2H 0G4Canada",Certificate,,(403) 264-8050,Not entered,Not entered,Apprenticeship Program,(403) 264-8055,1-888-264-2422
150,NorQuest College,Apprenticeship Prep,"Edmonton, Alberta",http://www.norquest.ca/cal/current/program/apprenticeship-prep/,"NorQuest CollegeDowntown Campus, Main BuildingEdmonton, Alberta T5J 1L6Canada",Certificate,info@norquest.ca,,Not entered,Not entered,College or CEGEP postsecondary program,(780) 644-6000,
151,Portage College,Apprenticeship Steamfitter-Pipefitter,"Lac, Alberta",http://www.portagecollege.ca/Programs/Trades-and-Technology/Apprenticeship-Steamfitter-Pipefitter,"Portage College - Lac La Biche Campus9531-94 AvenueLac La Biche, Alberta T0A 2C0Canada",Certificate,,,Not entered,Not entered,Apprenticeship Program,,1-866-623-5551
152,Lethbridge College,Apprenticeship Training,"Lethbridge, Alberta",http://www.lethbridgecollege.ca/program/apprenticeships,"Lethbridge College3000 College Drive SouthLethbridge, Alberta T1K 1L6Canada",Not entered, info@lethbridgecollege.ca,,Not entered,Not entered,Apprenticeship Program,(403) 320-3200,1-800-572-0103
153,Portage College,Apprenticeship Welding,"Lac, Alberta",http://www.portagecollege.ca/Programs/Trades-and-Technology/Apprenticeship-Welder,"Portage College - Lac La Biche Campus9531-94 AvenueLac La Biche, Alberta T0A 2C0Canada",Certificate,,,Not entered,Not entered,Apprenticeship Program,,1-866-623-5551
154,Mountain View Helicopters,Approved Mountain Course,"Calgary, Alberta",http://www.mvheli.com/mountain_course.aspx,"Mountain View Helicopters402 A Otter BayCalgary, Alberta T3Z 3S6Canada",Certificate,info@mvheli.com,(403) 286-7161,Not entered,Not entered,Non-postsecondary trade/vocational or pre-employment program,(403) 286-7186,
155,Olds College,Arboriculture Technician Certificate - Tree Care,"Olds, Alberta",http://www.oldscollege.ca/programs/horticulture/Arboriculture-Technician-Certificate/index,"Olds College4500 - 50th StreetOlds, Alberta T4H 1R6Canada",Certificate, ,(403) 556-4711,Not entered,Not entered,College or CEGEP postsecondary program,(403) 556-8281,1-800-661-6537 
156,Northern Alberta Institute of Technology (NAIT),ArcGIS Technology Specialty Certificate,"Edmonton, Alberta",http://www.nait.ca/program_home_63972.htm,"Northern Alberta Institute of Technology (NAIT)11762 - 106 StreetEdmonton, Alberta T5G 2R1Canada",Certificate,AskNAIT@nait.ca,(780) 471-8490,Not entered,Not entered,College or CEGEP postsecondary program,(780) 471-6248,1-877-333-6248
157,University of Calgary ,Archaeology (B.A.),"Calgary, Alberta",http://www.ucalgary.ca/future-students/undergraduate/explore-programs/archaeology,"University of Calgary 2500 University Drive N.W.Calgary, Alberta T2N 1N4Canada",Degree,future.students@ucalgary.ca ,(403) 220-0762,Not entered,Not entered,"Bachelor degree (B.A., B.Sc)",(403) 210-7625,
158,University of Calgary ,Archaeology (MA),"Calgary, Alberta",http://antharky.ucalgary.ca/graduate,"University of Calgary 2500 University Drive N.W.Calgary, Alberta T2N 1N4Canada",Degree,future.students@ucalgary.ca ,(403) 220-0762,Not entered,Not entered,"Master's Degree (M.A., M.Sc.)",(403) 210-7625,
159,University of Calgary ,Archaeology (PhD),"Calgary, Alberta",http://antharky.ucalgary.ca/graduate,"University of Calgary 2500 University Drive N.W.Calgary, Alberta T2N 1N4Canada",Degree,future.students@ucalgary.ca ,(403) 220-0762,Not entered,Not entered,Ph.D (Doctorate),(403) 210-7625,
160,Digital School,Architectural CAD Technician Diploma,"Edmonton, Alberta",http://www.digitalschool.ca/programs/architectural/index.cfm,"Digital School10010-100 StreetEdmonton, Alberta T5J 0N3Canada",Diploma,learn@digitalschool.ca,,Not entered,Not entered,Non-postsecondary trade/vocational or pre-employment program,(414) 414-0200, 1-877-414-0200
161,Southern Alberta Institute of Technology (SAIT),Architectural Technologies - General,"Calgary, Alberta",http://www.sait.ca/programs-and-courses/full-time-studies/diplomas/architectural-technologies-course-overview.php,"Southern Alberta Institute of Technology - Main Campus1301 16th Ave NWCalgary, Alberta T2M 0L4Canada",Diploma,advising@sait.ca,(403) 284-7112,Not entered,Not entered,College or CEGEP postsecondary program,(403) 284-7248,1-877-284-7248
162,Southern Alberta Institute of Technology (SAIT),Architectural Technologies - Major in Architectural,"Calgary, Alberta",http://www.sait.ca/programs-and-courses/full-time-studies/diplomas/architectural-technologies-course-overview.php,"Southern Alberta Institute of Technology - Main Campus1301 16th Ave NWCalgary, Alberta T2M 0L4Canada",Diploma,advising@sait.ca,(403) 284-7112,Unknown,University Graduate unknown level,College or CEGEP postsecondary program,(403) 284-7248,1-877-284-7248
163,Southern Alberta Institute of Technology (SAIT),Architectural Technologies - Major in Building Development,"Calgary, Alberta",http://www.sait.ca/programs-and-courses/full-time-studies/diplomas/architectural-technologies-course-overview.php,"Southern Alberta Institute of Technology - Main Campus1301 16th Ave NWCalgary, Alberta T2M 0L4Canada",Diploma,advising@sait.ca,(403) 284-7112,Unknown,University Graduate unknown level,College or CEGEP postsecondary program,(403) 284-7248,1-877-284-7248
164,Northern Alberta Institute of Technology (NAIT),Architectural Technology,"Edmonton, Alberta",http://www.nait.ca/program_home_76091.htm,"Northern Alberta Institute of Technology (NAIT)11762 - 106 StreetEdmonton, Alberta T5G 2R1Canada",Diploma,AskNAIT@nait.ca,(780) 471-8490,Not entered,Not entered,College or CEGEP postsecondary program,(780) 471-6248,1-877-333-6248
165,University of Calgary ,Architecture (MArch),"Calgary, Alberta",http://evds.ucalgary.ca/content/architecture,"University of Calgary 2500 University Drive N.W.Calgary, Alberta T2N 1N4Canada",Degree,future.students@ucalgary.ca ,(403) 220-0762,Not entered,Not entered,"Master's Degree (M.A., M.Sc.)",(403) 210-7625,
166,Keyano College,Art and Design Certificate,"Fort, Alberta",http://www.keyano.ca/Academics/Programs/ArtDesignCertificate,"Clearwater Campus8115 Franklin AvenueFort McMurray, Alberta T9H 2H7Canada",Certificate,registrar@keyano.ca,,Not entered,Not entered,College or CEGEP postsecondary program,(780) 791-4800,1-800-251-1408
167,University of Alberta,"Art and Design (MA, MDes, MFA)","Edmonton, Alberta",http://uofa.ualberta.ca/graduate-studies/programs/search#981ADC92B0BD4B3EBFB3BDE99EB6A6AD,"University of Alberta116 St. and 85 Ave.Edmonton, Alberta T6G 2R3Canada",Degree,,,Not entered,Not entered,"Master's Degree (M.A., M.Sc.)",(780) 492-3111,
168,University of Alberta,Art and Design (PhD),"Edmonton, Alberta",http://uofa.ualberta.ca/graduate-studies/programs/search#981ADC92B0BD4B3EBFB3BDE99EB6A6AD,"University of Alberta116 St. and 85 Ave.Edmonton, Alberta T6G 2R3Canada",Degree,,,Not entered,Not entered,Ph.D (Doctorate),(780) 492-3111,
169,University of Calgary ,Art (MFA),"Calgary, Alberta",http://art.ucalgary.ca/graduate,"University of Calgary 2500 University Drive N.W.Calgary, Alberta T2N 1N4Canada",Degree,future.students@ucalgary.ca ,(403) 220-0762,Not entered,Not entered,"Master's Degree (M.A., M.Sc.)",(403) 210-7625,
170,Portage College,Artisan Entrepreuneur Diploma,"Lac, Alberta",http://www.portagecollege.ca/Programs/Native-Arts-and-Culture/Artisan-Entrepreneurship-Diploma,"Portage College - Lac La Biche Campus9531-94 AvenueLac La Biche, Alberta T0A 2C0Canada",Diploma,,,Not entered,Not entered,College or CEGEP postsecondary program,,1-866-623-5551
171,The King's University College,Artist's Diploma,"Edmonton, Alberta",https://www.kingsu.ca/programs/majors/music,"King's University College9125 50 StreetEdmonton, Alberta T6B 2H3Canada",Diploma,,(780) 465-3534,Unknown,University Graduate unknown level,Undergraduate level certificate or diploma,(780) 465-3500,1-800-661-8582
172,Grant MacEwan University,Arts & Cultural Management,"Edmonton, Alberta",http://www.macewan.ca/wcm/SchoolsFaculties/FFAC/Programs/ArtsCulturalManagement/index.htm,"Grant MacEwan University10700 - 104 AvenueEdmonton, Alberta T5J 4S2Canada",Diploma,info@macewan.ca,(708) 497-5001,Not entered,Not entered,College or CEGEP postsecondary program,(708) 497-5040,1-888-497-4622
173,Medicine Hat College,Arts and Science Transfer Program - University of Saskatchewan,"Medicine, Alberta",https://www.mhc.ab.ca/ProgramsandCourses/Academic%20Programs/Programs%20of%20Study/Arts%20UT.aspx,"Medicine Hat College299 College Drive SEMedicine Hat, Alberta T1A 3Y6Canada",Other college post-secondary credential,info@mhc.ab.ca,(403) 504-3517,Not entered,Not entered,College Preliminary Year ,(403) 529-3811,1-866-282-8394
174,Medicine Hat College,Arts Transfer Program - University of Alberta,"Medicine, Alberta",https://www.mhc.ab.ca/ProgramsandCourses/Academic%20Programs/Programs%20of%20Study/Arts%20UT.aspx,"Medicine Hat College299 College Drive SEMedicine Hat, Alberta T1A 3Y6Canada",Other college post-secondary credential,info@mhc.ab.ca,(403) 504-3517,Not entered,Not entered,University Preliminary Year / pre-Bachelor,(403) 529-3811,1-866-282-8394
175,Medicine Hat College,Arts Transfer Program - University of Calgary,"Medicine, Alberta",https://www.mhc.ab.ca/ProgramsandCourses/Academic%20Programs/Programs%20of%20Study/Arts%20UT.aspx,"Medicine Hat College299 College Drive SEMedicine Hat, Alberta T1A 3Y6Canada",Other college post-secondary credential,info@mhc.ab.ca,(403) 504-3517,Not entered,Not entered,College Preliminary Year ,(403) 529-3811,1-866-282-8394
176,Medicine Hat College,Arts Transfer Program - University of Lethbridge,"Medicine, Alberta",https://www.mhc.ab.ca/ProgramsandCourses/Academic%20Programs/Programs%20of%20Study/Arts%20UT.aspx,"Medicine Hat College299 College Drive SEMedicine Hat, Alberta T1A 3Y6Canada",Other college post-secondary credential,info@mhc.ab.ca,(403) 504-3517,Not entered,Not entered,College Preliminary Year ,(403) 529-3811,1-866-282-8394
177,Medicine Hat College,Arts Transfer Program - University of Regina,"Medicine, Alberta",https://www.mhc.ab.ca/ProgramsandCourses/Academic%20Programs/Programs%20of%20Study/Arts%20UT.aspx,"Medicine Hat College299 College Drive SEMedicine Hat, Alberta T1A 3Y6Canada",Other college post-secondary credential,info@mhc.ab.ca,(403) 504-3517,Not entered,Not entered,College Preliminary Year ,(403) 529-3811,1-866-282-8394
178,Grant MacEwan University,Asia-Pacific Management,"Edmonton, Alberta",http://www.macewan.ca/wcm/SchoolsFaculties/Business/Programs/AsiaPacificManagement/index.htm,"Grant MacEwan University10700 - 104 AvenueEdmonton, Alberta T5J 4S2Canada",Diploma,info@macewan.ca,(708) 497-5001,Not entered,Not entered,College or CEGEP postsecondary program,(708) 497-5040,1-888-497-4622
179,Keyano College,Asset Planning and Management,"Fort, Alberta",http://www.keyano.ca/ContinuingEducation/ProfessionalCertificatesDesignations/AssetPlanningandManagement,"Clearwater Campus8115 Franklin AvenueFort McMurray, Alberta T9H 2H7Canada",Certificate,registrar@keyano.ca,,Not entered,Not entered,College or CEGEP postsecondary program,(780) 791-4800,1-800-251-1408
180,CDI College,Assistance in Health Care Facilities,"Abbotsford, Columbia",http://www.cdicollege.ca/Programs-and-Courses/Assistance-in-Health-Care-Facilities-5816-(English),"CDI College - Abbotsford Campus31838 South Fraser WayAbbotsford, British Columbia V2T 1V3Canada",Diploma,,,Not entered,Not entered,College or CEGEP postsecondary program,,1-800-675-4392
181,CDI College,Assistance in Health Care Facilities (French),"Abbotsford, Columbia",http://www.cdicollege.ca/programs-and-courses/assistance-in-health-care-facilities-5316-(french)/,"CDI College - Abbotsford Campus31838 South Fraser WayAbbotsford, British Columbia V2T 1V3Canada",Diploma,,,Unknown,Not entered,College or CEGEP postsecondary program,,1-800-675-4392
182,Ambrose University College,Associate in Ministry Diploma,"Calgary, Alberta",https://ambrose.edu/arts%26science/associate-ministry-diploma,"Ambrose University College150 Ambrose Circle S.W.Calgary, Alberta T3H 0L5Canada",Diploma,reception@ambrose.edu,(403) 571-2556,Not entered,Not entered,Undergraduate level certificate or diploma,(403) 410-2000,1-800-461-1222
183,Prairie Bible Institute,Associate of Arts in General Studies,"Three, Alberta",http://prairie.edu/Bible-College/Associate-of-Arts-General-Studies,"Prairie Bible Institute350 5th Ave NEThree Hills, Alberta T0M 2N0Canada",Diploma,info@prairie.edu,(403) 443-5540,Not entered,Not entered,College or CEGEP postsecondary program,(403) 443-5511,1-(800) 661-2425
184,Prairie Bible Institute,Associate of Arts in Ministry - Outdoor Leadership,"Three, Alberta",http://prairie.edu/Bible-College/Outdoor-Leadership,"Prairie Bible Institute350 5th Ave NEThree Hills, Alberta T0M 2N0Canada",Diploma,info@prairie.edu,(403) 443-5540,Not entered,Not entered,College or CEGEP postsecondary program,(403) 443-5511,1-(800) 661-2425
185,Prairie Bible Institute,Associate of Arts in Ministry - Religious Studies,"Three, Alberta",http://prairie.edu/Bible-College/Religious-Studies,"Prairie Bible Institute350 5th Ave NEThree Hills, Alberta T0M 2N0Canada",Diploma,info@prairie.edu,(403) 443-5540,Not entered,Not entered,College or CEGEP postsecondary program,(403) 443-5511,1-(800) 661-2425
186,Prairie Bible Institute,Associate of Arts in Mission Aviation,"Three, Alberta",http://prairie.edu/Bible-College/Aviation,"Prairie Bible Institute350 5th Ave NEThree Hills, Alberta T0M 2N0Canada",Diploma,info@prairie.edu,(403) 443-5540,Not entered,Not entered,College or CEGEP postsecondary program,(403) 443-5511,1-(800) 661-2425
187,Peace River Bible Institute,Associate of Christian Studies,"Sexsmith, Alberta",http://www.prbi.edu/ACS,"Peace River Bible Institute9601 100th StreetSexsmith, Alberta T0H 3C0Canada",Diploma,prbi@prbi.edu,(780) 568-4431,Not entered,Not entered,Undergraduate level certificate or diploma,(780) 568-3962,1-800-959-7724
188,Grande Prairie Regional College,Associate of Science,"Grande, Alberta",https://www.gprc.ab.ca/programs/associate-of-science.html,"Grande Prairie Regional College - Grande Prairie Campus10726-106 AvenueGrande Prairie, Alberta T8V 4C4Canada",Other type of credential,,(1-780) 539-2832 ,Unknown,University Graduate unknown level,College or CEGEP postsecondary program,(780) 539-2911,1-888-539-4772
189,University of Calgary ,Astrophysics (B.Sc.),"Calgary, Alberta",http://www.ucalgary.ca/future-students/undergraduate/explore-programs/astrophysics,"University of Calgary 2500 University Drive N.W.Calgary, Alberta T2N 1N4Canada",Degree,future.students@ucalgary.ca ,(403) 220-0762,Not entered,Not entered,"Bachelor degree (B.A., B.Sc)",(403) 210-7625,
190,University of Calgary ,Astrophysics (M.Sc.),"Calgary, Alberta",http://phas.ucalgary.ca/graduate,"University of Calgary 2500 University Drive N.W.Calgary, Alberta T2N 1N4Canada",Degree,future.students@ucalgary.ca ,(403) 220-0762,Not entered,Not entered,"Master's Degree (M.A., M.Sc.)",(403) 210-7625,
191,University of Calgary ,Astrophysics (PhD),"Calgary, Alberta",http://phas.ucalgary.ca/graduate,"University of Calgary 2500 University Drive N.W.Calgary, Alberta T2N 1N4Canada",Degree,future.students@ucalgary.ca ,(403) 220-0762,Not entered,Not entered,Ph.D (Doctorate),(403) 210-7625,
192,Mount Royal University,Athletic Therapy - Advanced Certificate,"Calgary, Alberta",http://www.mtroyal.ca/ProgramsCourses/FacultiesSchoolsCentres/HealthCommunityStudies/Programs/AthleticTherapyAdvancedCertificate/index.htm,"Mount Royal University - Lincoln Park Campus4825 Mount Royal Gate SWCalgary, Alberta T3E 6K6Canada",Certificate,,,Not entered,Not entered,College or CEGEP postsecondary program,(403) 440-6111,
193,Lambton College of Applied Arts and Technology,Autism and Behavioural Science,"Sarnia, Ontario",http://www.lambtoncollege.ca/custom/LambtonApps/Programs/International.aspx?id=2147503171&type=TF,"Lambton College - Main Campus1457 London RoadSarnia, Ontario N7S 6K4Canada",Certificate,info@lambtoncollege.ca ,,Not entered,Not entered,College or CEGEP postsecondary program,(519) 542-7751,
194,Southern Alberta Institute of Technology (SAIT),Auto Body Technician,"Calgary, Alberta",http://www.sait.ca/programs-and-courses/apprenticeships-and-trades/apprenticeships/apprenticeship-auto-body-technician.php,"Southern Alberta Institute of Technology - Main Campus1301 16th Ave NWCalgary, Alberta T2M 0L4Canada",Certificate,advising@sait.ca,(403) 284-7112,Not entered,Not entered,Apprenticeship Program,(403) 284-7248,1-877-284-7248
195,Northern Alberta Institute of Technology (NAIT),Auto Body Technician  Apprenticeship,"Edmonton, Alberta",http://www.nait.ca/program_home_80736.htm,"Northern Alberta Institute of Technology (NAIT)11762 - 106 StreetEdmonton, Alberta T5G 2R1Canada",Certificate,AskNAIT@nait.ca,(780) 471-8490,Not entered,Not entered,Apprenticeship Program,(780) 471-6248,1-877-333-6248
196,Northern Alberta Institute of Technology (NAIT),Autobody Technician Pre-Employment,"Edmonton, Alberta",http://www.nait.ca/program_home_76119.htm,"Northern Alberta Institute of Technology (NAIT)11762 - 106 StreetEdmonton, Alberta T5G 2R1Canada",Certificate,AskNAIT@nait.ca,(780) 471-8490,Not entered,Not entered,Non-postsecondary trade/vocational or pre-employment program,(780) 471-6248,1-877-333-6248
197,Southern Alberta Institute of Technology (SAIT),AutoCAD Certificate of Completion,"Calgary, Alberta",http://www.sait.ca/programs-and-courses/continuing-education/courses-and-certificates/autocad-certificate-of-completion.php,"Southern Alberta Institute of Technology - Main Campus1301 16th Ave NWCalgary, Alberta T2M 0L4Canada",Certificate,advising@sait.ca,(403) 284-7112,Unknown,Not entered,College or CEGEP postsecondary program,(403) 284-7248,1-877-284-7248
198,Northern Alberta Institute of Technology (NAIT),AutoCAD Operator Certificate,"Edmonton, Alberta",http://www.nait.ca/program_home_16186.htm,"Northern Alberta Institute of Technology (NAIT)11762 - 106 StreetEdmonton, Alberta T5G 2R1Canada",Certificate,AskNAIT@nait.ca,(780) 471-8490,Not entered,Not entered,College or CEGEP postsecondary program,(780) 471-6248,1-877-333-6248
199,Medicine Hat College,Automotive Service Technician,"Medicine, Alberta",https://www.mhc.ab.ca/ProgramsandCourses/Academic%20Programs/Programs%20of%20Study/Automotive%20Service%20Technician.aspx,"Medicine Hat College299 College Drive SEMedicine Hat, Alberta T1A 3Y6Canada",Certificate,info@mhc.ab.ca,(403) 504-3517,Not entered,Not entered,Apprenticeship Program,(403) 529-3811,1-866-282-8394
200,Lakeland College,Automotive Service Technician,"Vermilion, Alberta",http://www.lakelandcollege.ca/academics/trades-tech-apprenticeship/programs-and-courses/automotive-service-technician/,"Lakeland College5707 College DriveVermilion, Alberta T9X 1K5Canada",Certificate,admissions@lakelandcollege.ca,,Not entered,Not entered,Apprenticeship Program,(780) 853-8400,1-800-661-6490
